Size,Bedrooms,Bathrooms,Floors,Age,Price
1918,3,4,1,28,115.23944148100915
1454,1,2,1,50,-1.0286436015916154
1483,4,3,1,40,42.15348932963739
1474,4,1,3,41,51.05855518889494
4633,5,5,3,33,286.07235502924107
4472,6,3,3,0,348.7125352313602
1413,1,2,2,30,66.56416841045412
536,3,3,3,29,7.604514136915768
3887,4,3,1,47,163.56544643692575
2211,1,2,2,17,83.17264870268016
3520,4,4,1,16,244.37687114805436
1295,3,4,1,37,49.50231210399335
4536,4,1,3,13,262.85779768737933
3611,6,1,3,22,229.15100536010004
1824,6,4,1,24,195.52279839623796
817,5,5,1,14,113.21549879579052
2896,5,3,2,45,134.034579243875
2662,4,5,3,21,161.2791575759272
3245,1,3,2,2,231.4227889700621
2091,6,4,2,18,166.9172707140585
3611,1,1,2,43,155.692849298554
4430,1,1,1,33,200.61226225897445
2496,4,5,2,34,137.54087794783058
1812,1,1,2,49,-7.245523617118078
1785,6,4,1,0,191.70138234407213
4811,3,5,3,20,273.25192942456795
2883,5,3,3,28,177.9369168491261
3739,3,1,2,5,245.93099213708678
2639,1,2,1,36,57.878357687503346
2204,3,1,3,0,168.49227688136426
862,6,3,2,50,52.29192381771473
3104,6,5,2,0,281.3622112351213
2216,1,3,1,26,70.52915657625155
4951,4,2,2,20,281.9367293954793
4786,3,4,3,15,310.37073163813386
4238,4,1,1,43,185.76467596800148
2969,4,5,3,39,163.13611587782927
1056,2,4,3,25,92.5922588114689
1325,1,3,3,15,71.3636237912234
3308,5,5,2,27,180.8033418359346
3219,6,4,2,0,258.9380437013814
4008,6,5,3,35,256.10090383407993
4241,1,2,3,9,255.82873522872868
2074,5,2,1,42,101.31005148335863
4498,6,1,1,16,282.6164213744971
2629,1,1,2,22,136.3562286020792
2903,6,2,2,6,212.3624598740378
3829,4,5,1,43,187.49121396184825
1088,3,2,3,6,129.1433558629975
2512,3,1,2,43,63.396859515386275
2047,6,2,3,14,173.93265723044593
794,2,2,1,33,0.36582342165957726
2485,5,5,2,45,156.2552320646194
3617,5,4,2,44,184.49129038849722
2190,5,1,1,3,166.65187870756247
1636,4,5,2,13,180.37759774793375
2564,5,2,1,13,151.6791444110271
4955,3,2,2,15,278.06638946437204
1507,4,4,1,6,136.7474773780436
3014,1,1,2,31,127.34822632086065
4026,5,1,3,18,276.88661573377897
1747,5,3,3,1,162.2451698014964
4402,1,1,3,9,211.15204575291912
1935,5,4,2,49,74.56345148635987
1071,1,3,2,16,60.893638355581636
2882,4,3,3,36,152.38461667406654
1745,3,2,3,11,128.54057591573164
2584,1,2,1,5,186.25321902350868
777,2,1,1,21,62.34678089309683
2387,1,3,1,31,122.40892978133922
1765,5,2,3,40,139.53877273234684
1540,4,4,3,19,142.48196913325262
1417,6,2,3,0,184.01710167025283
1385,4,2,1,46,54.34541043787532
3252,6,3,2,5,259.41810627587574
521,1,3,3,18,46.93793048365683
3691,3,5,2,17,222.6128591016936
2853,2,4,2,5,169.7144350432427
1186,4,3,2,44,42.686920620757746
784,5,1,1,32,49.51547399344127
4247,6,4,2,22,271.7952380194798
1262,5,4,3,22,94.79328611761488
2928,3,3,1,25,152.08233900033244
3007,6,4,3,12,228.98994382833726
528,4,3,3,6,92.15290716062441
1406,1,2,1,14,83.11830697853318
3604,5,5,3,43,213.32516073820608
4499,3,2,3,26,223.948970980509
3494,4,3,1,25,213.3224237602503
3006,4,3,3,32,187.93276239336626
4109,4,2,2,14,249.85603866097097
4053,4,1,3,35,208.94500543906133
1953,6,1,2,44,107.33462884923898
3856,4,1,3,26,181.84710700841057
1015,5,3,1,4,142.8446266996359
538,3,4,1,1,76.09878254804094
3842,6,3,3,32,213.24596726743246
1386,4,4,1,15,120.22578335629524
3344,2,2,3,22,131.31919748650662
2704,2,5,1,37,129.71240616451522
1598,3,4,2,15,141.53561893911606
2323,1,1,3,13,90.23152307107966
3701,1,3,2,28,194.83018649092904
3655,6,2,2,25,204.7742476294509
3593,6,1,3,34,198.787235609856
4030,6,2,2,14,248.42850985989077
4278,1,5,3,2,286.35836968258087
3396,2,3,2,22,200.2989511232753
3953,1,3,3,28,203.59020728764995
4011,5,5,3,33,239.47037701012601
1488,4,3,1,32,69.8828932681315
4616,6,4,3,40,256.41395941257775
4526,2,2,3,40,210.41942929919284
4679,3,1,2,22,251.75532798345841
2182,3,5,3,6,193.11653164352248
4463,4,4,1,2,270.4984491688591
1433,2,1,2,31,47.189550831291804
4098,1,1,2,30,160.23142071605696
3733,1,5,1,17,220.94858039811658
2480,5,4,2,42,116.70056493242807
2355,5,1,2,6,182.7910751616845
3556,1,1,2,40,120.15624478370941
1292,3,4,2,0,99.01807633468519
1291,6,3,1,13,146.16918571775997
2309,3,1,1,31,95.94425556272084
2755,5,2,2,5,229.26954591531384
4110,4,4,2,38,178.19381842644725
2107,1,1,1,9,104.51957378165011
1484,5,5,1,6,152.8719115808027
4176,5,2,1,25,235.20412582476624
3880,6,1,2,33,179.49625391686
1019,1,2,2,29,39.83075713547558
1090,6,2,3,35,113.73324812562066
1550,1,3,1,20,85.99074692931063
4133,6,2,2,16,262.50744803647024
4944,3,3,1,32,214.65085185949258
1459,4,4,2,9,121.46507772885948
1192,4,3,1,50,27.483101983544536
4399,1,5,2,46,177.35447058314347
4973,2,1,3,41,230.17512852541967
3446,5,4,3,50,179.97406401937278
1026,5,4,1,11,170.14757175293943
3724,1,5,2,15,196.58283127151418
2753,6,3,2,40,152.31229222783466
3844,2,1,1,31,135.5301525493142
4465,3,3,2,14,214.8011845081935
2375,6,2,1,26,162.20441958906306
2263,6,3,2,27,163.08230765934712
1020,1,4,1,16,48.9081913070842
1516,1,1,2,45,15.660592391868468
616,5,3,1,49,-0.7853519785108958
2933,1,1,2,1,162.7658509031345
1083,1,1,3,35,10.744307744674524
894,1,2,2,49,-35.231303548085556
4288,5,2,1,6,259.0670018036008
3268,3,4,3,12,202.6312911211149
4667,3,5,2,14,293.80757693506666
4360,1,1,3,24,147.5155964803037
773,5,5,2,22,90.09741477030396
2513,3,4,3,21,138.89636246924653
4933,6,1,1,25,248.61894627549435
1889,3,1,2,32,67.93693251832549
4066,3,5,2,10,263.01320580053687
665,5,3,1,9,89.96176276586613
2067,6,2,3,24,125.06878980403593
1228,5,3,1,36,82.83393036891154
2543,1,5,1,47,70.0979202627902
4697,4,2,3,42,207.15587488147767
3996,3,3,1,37,190.48983571789034
1278,4,2,2,40,56.30737128585484
713,5,1,2,44,3.416006777340435
4262,5,3,2,23,192.3767593980169
2076,5,2,1,39,79.09018226824304
2948,4,2,2,45,126.63776372480513
3436,5,2,2,32,197.5721610738006
3617,1,3,2,16,191.2640668494311
1091,5,4,2,23,90.9702790584877
3220,2,3,2,36,188.86422011398648
1213,4,5,2,1,141.2002775698929
1435,2,3,1,31,70.99465373582211
4837,5,2,2,23,245.1489580914621
501,1,1,2,8,15.246643015820656
3348,3,3,3,3,243.3465122292445
4544,6,3,1,16,305.0912255157075
2449,6,2,1,16,163.6556621961319
1417,5,1,1,49,-1.122713832610387
3674,1,1,1,47,109.34885321197551
2741,4,5,2,29,172.83811801559125
589,2,3,2,39,7.426360778576491
2209,2,1,3,10,122.18220670077989
2669,2,1,3,20,133.39231761478126
4738,4,4,1,20,258.9044631143179
3541,6,4,3,17,227.81323552526283
605,1,1,3,28,22.3633704129361
1386,4,5,1,23,110.25596626805422
927,2,1,1,9,58.3363288275534
2395,5,2,3,44,102.60704514455678
816,3,3,2,16,69.19652886929842
1134,4,5,3,17,120.90632857573992
2425,4,2,3,41,144.82363151628613
2556,1,5,2,47,106.8907369965429
3644,1,2,2,19,166.87381756101829
2770,4,3,1,36,122.38472514588618
1939,2,3,1,44,41.716377993508075
1052,3,4,3,17,91.5895893749405
1215,1,2,2,16,48.50097099518231
4411,2,4,1,8,271.04647489979254
2213,5,2,3,13,112.77967488403894
3889,1,4,2,48,161.1533661854949
1607,2,3,3,28,88.85754975610864
4706,2,5,1,30,265.5548496629528
750,3,4,1,3,116.03579109107906
2930,3,2,2,17,154.82604429491894
2554,5,2,3,19,185.98596161877012
958,2,3,2,46,6.5386504557139915
707,6,2,1,42,-6.336135148885404
1399,2,1,1,43,20.12663879457784
3961,3,5,3,8,254.56493158858612
3885,6,4,3,12,277.25443032794
521,1,5,3,14,96.07899660550487
909,1,3,2,26,41.94573805464317
1394,4,4,3,14,108.35330297620007
1014,3,4,3,27,92.98830011232408
4609,4,1,1,36,218.7008514027288
2634,6,3,1,18,161.99676341936186
4095,3,2,3,25,183.6252446505069
3456,5,1,3,25,176.2532488156256
2060,2,1,1,24,104.72603601343444
1766,5,5,3,25,137.2679573271391
2669,6,5,2,25,195.07285037910825
4138,3,5,2,45,170.1294065844766
1249,6,1,2,27,103.71437958034846
3927,2,2,3,48,111.04632671284529
2427,1,4,1,17,121.24244967864632
4304,1,5,3,31,226.56927718227593
4202,6,2,3,2,274.6473710992131
2856,4,3,1,1,222.08258558900886
2835,3,5,1,32,135.36612042896795
806,3,4,1,41,0.778588143673872
4165,1,3,2,18,241.97964129288948
2489,5,3,3,16,184.5286038619801
1161,2,4,1,43,39.43072156099254
811,5,5,3,32,101.91419169105394
3420,5,1,2,11,164.6140210099814
1582,6,4,2,48,97.79565279940641
3471,1,4,1,2,201.32949631011306
1254,1,4,1,42,13.11454418452172
4630,1,3,3,48,193.24882155331173
852,6,2,1,25,66.33918453181094
1402,4,1,3,34,76.99042150913043
4388,5,5,1,7,299.58314064967834
658,6,5,3,35,81.26418029368115
2477,3,2,3,6,163.04556815969423
1456,2,4,3,45,28.501334216837247
2571,4,1,3,45,86.74364858504991
903,3,5,2,35,53.09351739040112
3279,5,5,3,15,275.6947678554908
1887,1,4,1,23,124.78812798227086
3953,5,2,2,0,260.5840804428121
1455,6,1,2,48,55.955153546649505
2212,2,2,3,24,107.84554052107907
1773,6,2,2,9,159.25533237738048
4311,4,1,3,15,253.72825495085553
3125,4,1,1,15,189.80030031511203
2882,2,5,3,7,147.07722436365182
1941,3,5,2,28,128.3799733177388
3479,3,1,1,38,132.97157941566707
2297,4,3,3,27,125.75124171536794
4890,4,5,1,5,335.3851335632414
4509,1,3,1,15,263.7864883280954
1894,3,1,2,19,118.48006288082813
4781,2,5,1,15,263.6789678557781
1769,3,2,2,6,110.92988699722179
4214,1,1,1,40,93.57511143780641
1029,6,4,3,13,136.1003199316271
4123,4,3,1,42,202.7303221558887
3458,4,1,3,25,183.8627297980394
3414,1,1,3,25,172.37492417675986
4091,2,5,1,13,217.14619528335015
2647,4,5,3,6,211.925220870899
3869,5,5,1,32,219.44398080824226
1439,4,4,1,25,96.74782631487867
1025,5,5,3,44,91.60863325907815
501,1,1,3,19,17.953155518024744
874,1,5,2,2,93.80415098454941
2840,4,2,3,3,188.26613040378936
4505,3,5,2,25,281.8215894284292
3552,5,4,3,10,225.97607554842747
2865,2,2,1,1,171.19001134305176
2025,4,1,3,13,172.12874134194988
4976,2,1,1,43,205.1648659614307
2146,4,3,1,29,117.89646696597461
513,3,2,1,48,-18.91615888947431
2778,3,3,2,11,161.97244025284365
3655,3,2,3,25,192.3794551028495
629,6,2,1,43,19.45268322008414
4314,3,4,1,32,222.29257198910014
3716,1,3,2,12,175.67517228747383
3438,1,4,3,13,210.8570401553864
4428,6,2,3,23,286.73259349772616
2540,5,1,2,33,124.92353749758853
527,2,2,2,43,-0.7080321338838615
2613,4,4,3,25,173.85692549689156
1752,4,3,2,20,109.4451971966789
4856,6,3,3,27,266.62948627085774
2546,1,4,3,47,71.93223022558684
4523,4,3,1,35,231.00785138309428
4896,1,5,1,39,220.67709736029593
3874,5,1,3,1,290.201860437634
3966,2,1,3,41,175.11740224407788
3581,5,1,3,8,251.82569966254604
4278,6,3,3,22,274.16161603424445
1129,3,3,3,14,78.20602101356671
769,3,2,3,12,81.95678591949984
3139,3,2,2,22,170.22706330056448
2493,5,1,3,16,142.88237222888506
3391,4,5,2,47,189.74898517117424
3932,2,2,2,1,262.64578749858305
1780,3,2,3,19,89.1170171116588
2860,6,3,3,19,191.24410189766942
1075,6,5,2,45,62.75099561119047
1807,3,1,2,2,146.54703087599233
3692,3,2,3,11,233.49450360907994
3678,2,5,3,39,181.7881442557271
3234,3,5,2,1,245.1771456079825
2712,2,1,2,35,77.84735607108932
2852,6,5,2,13,234.22722562716905
4068,3,5,1,15,246.38229248907857
2155,5,5,2,18,158.1691363488282
2079,5,2,1,33,78.2998745213936
2703,6,1,3,43,132.68922312372703
1890,2,5,3,45,86.6391979243562
2242,5,5,2,5,168.05036396586826
2425,2,2,3,12,148.6197214131286
1119,5,1,3,35,61.394795036969896
1774,5,3,3,21,124.61540913704678
1456,2,2,3,17,97.39676404790349
2439,4,1,1,11,150.2967516744536
4453,5,5,1,29,265.3134201067273
2881,3,1,2,50,102.73493865750113
1468,6,1,2,39,84.09613812301048
1816,4,1,2,6,157.13640986893006
1543,2,3,3,31,80.91650377569161
781,4,1,3,47,-1.4908148155364032
3344,1,3,1,18,157.2441991049361
1558,1,5,1,5,101.63382494262756
4793,5,3,2,19,288.6735928622581
3032,5,5,1,26,221.02623429305046
4328,3,5,1,42,200.23094788025696
1508,6,3,1,36,101.3921649541992
1729,4,2,1,47,38.40439990969678
1535,1,4,1,6,115.64609830321268
775,5,1,2,4,123.93694256148879
3240,6,4,2,10,257.72495946663884
2789,4,1,1,14,133.03375933721688
1739,5,1,2,2,162.36389632071086
625,5,5,3,4,140.57451557587103
4565,1,1,1,22,210.7197394645418
4812,1,1,3,36,214.95044225404683
4368,5,3,2,8,269.7299592056492
1708,2,4,2,14,120.66526309608173
3749,5,3,3,2,294.6534788187621
1418,6,1,2,28,113.29898966932736
4423,5,5,1,5,317.1108994801194
4903,3,3,3,16,264.49009552998234
2469,3,3,1,25,111.64072458761441
3293,3,2,3,20,187.94087348886708
1391,2,1,2,7,97.16548477451681
4970,2,5,3,20,281.4925645544549
2533,5,3,3,10,179.55430043606697
1864,3,3,1,37,86.93922150780786
628,2,5,2,7,89.60330697389084
1514,1,1,1,41,22.49648633100947
2299,5,2,2,23,156.8186751924822
2018,6,3,1,34,116.42700424643975
4681,4,2,3,13,269.27483245241126
1698,5,4,1,13,168.05130646617246
4373,4,1,2,9,243.5028302693966
2974,3,4,2,11,189.31651601075987
3985,4,4,3,37,236.93495630854946
4549,3,4,2,43,202.50951497980685
4219,1,1,1,45,141.97764712718882
802,4,1,3,33,28.86060261773943
4452,5,5,2,40,206.93557037432407
1486,3,2,2,9,109.83384695990408
2363,5,2,1,16,136.93756472842904
4940,2,5,1,16,285.09160865287123
3572,3,5,3,2,281.71277020082226
3624,4,4,2,30,158.91652533652695
1827,3,5,1,50,58.21166031999442
2908,5,3,3,0,243.44646465929964
4173,1,2,2,11,178.98302163140445
3791,3,5,2,38,220.27530720844464
4533,4,3,3,3,307.24784073606963
1203,2,3,3,41,58.81425643863803
1074,6,3,1,12,107.4210427377714
3732,1,3,2,33,155.7335845944762
3132,2,4,2,41,133.38127290401863
4328,3,3,2,20,283.16418095103074
3730,5,4,3,21,267.8621072099413
988,5,4,1,3,133.04695399017496
1847,4,3,2,17,137.4380354330157
4181,5,2,3,4,294.7480762316987
3673,1,3,2,18,239.48109641982919
2167,5,3,1,1,193.00439586114103
2137,4,3,2,11,159.7691879223754
4614,6,2,1,16,272.9280320677003
4053,3,1,1,9,232.34830495038884
1500,3,1,2,33,45.25956363297582
1350,5,4,2,5,159.42184676153747
1888,2,4,1,7,108.74806740416918
4212,3,2,3,50,166.38998821187337
1867,6,5,1,10,193.04265709454674
1321,5,1,2,11,119.4324730867471
954,4,4,2,8,104.44750759896695
2124,6,1,3,1,182.5595097916672
3272,5,2,1,7,241.30669373384424
4226,6,2,1,10,248.09196607953157
3647,3,5,1,35,163.25812704177343
4589,4,5,2,9,282.8573209564501
2690,5,2,1,20,165.28644271466712
1416,1,4,3,19,62.665238654876156
4486,4,1,2,47,207.36003185531965
3375,1,3,2,7,180.2641508228827
1940,6,5,1,35,136.4871111548626
4900,2,3,3,28,236.41853798161193
1235,4,4,2,41,60.44005838320548
4068,6,5,2,11,259.33308180682513
3838,1,3,1,13,224.92632490419913
3515,3,4,1,47,129.52004003257198
3389,3,1,3,49,103.12566557912596
1461,2,4,1,20,137.63018026804187
3489,4,5,3,21,238.53614621915222
4348,4,2,2,20,262.6483281656615
1526,4,1,3,43,62.47782792723799
4365,6,3,3,49,210.20038880027198
3363,2,5,3,29,159.0130028508998
3001,4,2,2,38,134.07359225148684
2447,6,4,1,19,161.78681310948878
1677,3,2,2,23,75.48769655130964
511,1,5,1,22,4.886253420606064
4899,6,5,3,6,350.23951919590996
3864,3,2,3,8,269.6682429505169
3522,3,4,3,0,264.262734460529
3871,1,2,3,25,182.43419224296576
3330,3,5,3,37,176.68856254379696
542,2,5,1,37,-42.85554624787194
1443,1,3,1,43,16.673291562012476
2890,3,3,3,21,142.96648209559322
3045,5,1,2,43,136.93825055804552
2911,6,5,2,9,232.35048022663534
1504,3,3,3,5,116.81390917584918
520,2,2,1,16,37.23793408977198
906,4,4,2,50,29.36558306013887
1514,3,2,2,49,64.07248078912853
4931,4,4,2,37,268.2783500089346
2338,5,3,3,23,164.23945580073746
3688,3,1,2,50,113.44971052697215
1214,1,2,2,9,57.231217617850234
4646,4,2,2,7,296.27696014873214
4354,5,2,2,20,249.69861255119145
4919,1,4,1,5,287.9373118225322
640,1,3,3,20,60.56001048343119
1463,1,2,3,38,7.887224497163807
872,1,2,1,23,56.54070770057987
4135,3,1,1,32,205.13763573897992
3041,6,1,3,17,159.96119556024712
4110,3,3,2,27,262.56184897821953
2192,3,3,2,31,118.02752638162914
605,5,5,3,11,103.67923399154093
2181,5,1,2,47,93.43124447209853
4597,6,5,1,41,233.3005072612253
4516,5,4,2,26,276.72256706387105
3136,2,5,2,9,192.9300708332938
2637,6,2,2,45,168.25719070941201
3916,5,5,3,41,220.00200387812802
4945,6,3,1,31,287.2464610414565
4030,3,4,2,41,175.77869800695723
1786,3,2,3,25,116.62992047786717
3679,6,5,2,24,245.6983987299578
4154,2,4,1,10,216.46296583356116
2859,2,4,2,22,156.17474560223505
944,6,2,1,33,100.82222137725074
535,5,5,2,39,65.92954052086615
1975,4,4,1,22,124.17049862187012
4457,2,4,2,28,191.46668477998134
2298,1,1,1,30,61.250176435387374
2345,3,4,2,6,149.12051991931077
1908,6,1,2,39,58.49983987133004
2208,1,5,3,32,127.11182260330605
3438,6,5,3,20,248.1477479276033
1800,3,5,1,1,198.90216896687883
1743,3,3,2,17,97.19716202404743
4476,2,5,1,46,196.7543813048174
3597,2,4,3,32,154.96651296506172
509,1,2,1,36,-27.447467223324846
2925,6,1,1,33,148.8078007613483
2160,3,3,3,19,131.50692064376705
3131,1,5,2,34,149.62081261231003
1572,4,5,1,50,83.03219126502776
3725,1,2,3,49,146.5783517090911
1816,5,2,2,17,117.41330831817402
4645,1,3,3,45,190.642917562727
4183,5,1,1,23,242.03192749918884
3773,5,5,2,7,295.36473014859007
645,5,3,2,29,45.02686630691694
3540,4,4,3,43,192.1632890960048
1962,1,4,3,9,143.72293018375404
2084,1,3,3,22,87.88021772922141
982,4,5,2,48,59.10315925171469
3679,3,3,2,10,230.9808641686494
1749,2,5,1,1,115.62218787346947
1130,1,2,2,25,36.622928785772615
1161,2,3,1,35,37.84715083169946
4003,6,5,3,32,239.0335104236481
3352,6,3,3,46,199.16456850997054
2966,4,3,2,12,223.58936981356212
1487,6,5,3,39,103.70019682174312
2046,6,5,3,24,159.45548957292516
1149,3,1,2,3,96.82530653261358
1468,3,3,1,41,46.39838868386639
3137,3,4,2,18,180.99996212396158
1600,6,3,1,17,60.82406781353417
940,4,3,2,36,84.09623751199229
1269,5,5,2,29,105.45835927556283
1843,5,3,3,18,141.58379776141848
4858,2,3,2,22,259.40338260103897
4229,5,4,2,15,271.8488450293182
4406,5,5,1,0,306.69368310709103
2077,3,3,3,11,130.73708027216105
4508,3,2,1,23,193.62774447008604
3851,6,1,1,33,172.46242140091215
2849,2,4,3,7,173.11651866579706
4102,1,3,3,17,233.1184431608194
1741,2,2,3,47,58.5424629352879
1625,2,3,2,4,109.61401791066459
3101,4,3,3,25,130.77691719125212
1690,6,5,3,29,141.68241439003754
4631,4,5,3,12,294.11915568681366
4948,2,5,1,18,267.47475026599733
572,2,2,1,28,32.718749515287286
2414,2,3,2,2,173.47305250945703
2972,5,1,1,25,142.07240702959842
3546,4,4,2,39,157.17173932081903
1207,2,5,1,11,98.09777286030086
2304,3,5,3,1,180.07174475620715
4213,6,3,1,10,278.2020475194476
3064,6,3,2,43,181.72284088803934
2975,3,2,1,27,118.154351768011
4110,6,2,3,17,264.25558869617936
4755,5,5,2,12,332.0509996533878
3323,5,3,3,36,181.42625328363783
2235,1,1,3,21,117.18161790235307
2085,1,4,2,11,128.50455015769074
566,1,3,3,1,78.71656158847273
3561,6,3,3,36,213.86569864684355
2928,5,2,1,6,193.9599512347373
4653,5,4,3,25,319.4635203438
841,5,5,3,25,108.60160360663845
3274,3,3,3,23,212.75970997433842
3317,5,5,3,11,270.2704789272154
3161,3,3,2,15,198.59578538566825
1732,1,5,1,22,125.31578844719617
4374,1,4,3,39,201.45829422383838
2901,6,2,3,8,205.45449433651277
1994,1,4,2,31,89.99638463125925
4711,6,1,3,14,270.4266617516974
1161,2,2,2,36,-9.984086562196033
4383,2,4,1,12,235.09915513881947
4119,4,1,1,4,252.40763065941755
2368,6,3,3,10,218.63849570976163
2834,4,3,3,9,185.58961590847292
3874,4,5,3,12,284.90324907054315
1516,2,2,2,40,17.586340283862455
4906,6,3,3,45,235.909550677211
707,2,2,3,49,17.33313206792903
3165,4,3,1,14,200.20242039924992
2993,6,5,3,41,179.17756109430712
1132,4,4,1,6,126.30559979815654
2602,5,5,3,39,132.97193498563908
3459,6,1,1,27,185.33303742852357
3583,6,3,3,31,216.203223162531
2431,4,1,1,34,131.17761872358867
4219,5,1,2,14,217.54165721397203
3062,3,2,1,47,145.3598063075154
2179,2,3,1,35,85.45704523349913
736,4,1,1,20,27.588875020659827
4943,6,4,3,5,318.31730567731216
2040,2,1,3,0,150.46298634008411
4443,2,4,3,3,256.20581039862947
863,2,2,2,10,57.947529098138034
2868,3,1,2,43,100.40193878244403
785,1,5,1,25,67.12351478809651
648,4,2,2,36,46.76906918527948
4537,1,4,1,22,216.99015219762083
2266,1,2,1,28,84.04633659558158
1512,1,1,1,20,26.692301996485096
3331,2,3,2,47,85.76808973512561
3007,5,3,3,44,126.7689510481476
2023,2,4,2,44,97.61194722651621
3285,2,4,1,48,140.8516144444292
3056,6,3,1,26,197.46872525193228
4225,6,4,2,38,208.09751026758846
2101,1,2,1,39,43.8168084521771
2908,2,5,1,12,169.24357943642758
840,1,5,2,22,54.680032587588755
3317,6,2,2,15,217.26892886735772
2996,5,5,2,29,171.76086286608344
2225,4,1,1,3,165.23433615797086
2189,1,2,1,39,67.02892760408477
3767,5,4,3,15,240.7735380181411
4906,4,2,3,30,262.3855678326506
761,3,3,2,41,42.535707366610424
1942,1,4,3,24,134.66121554246493
905,1,3,1,43,8.06324313219718
2690,3,4,3,11,198.72535886818713
4937,3,5,1,25,267.0472217195138
743,1,2,2,36,21.744257910703187
4607,3,1,2,47,162.94297097320427
1060,2,4,1,32,64.2770028681633
4637,4,4,3,27,259.09790531638396
3225,4,3,2,8,249.0687365440346
1093,4,5,2,11,134.4141281408015
2326,2,3,3,4,165.942675378538
3729,3,3,3,27,196.72024702191456
3787,5,5,1,34,226.86225708896876
4573,3,1,3,4,283.1924869537211
633,1,3,3,33,6.6831399099894515
3638,6,3,3,45,192.73671516536692
4419,4,4,1,33,249.87780174697207
572,3,5,1,12,52.332874842395
4994,5,2,2,38,264.2175644110743
4725,1,1,1,41,187.67429156718708
3478,2,1,2,44,147.6329495112298
4861,2,5,3,47,209.73692597393526
2485,5,4,2,13,190.3643217218578
1292,1,4,2,10,100.70136752009792
4759,4,5,3,41,265.7259303440047
594,3,4,2,37,36.28233858322001
1633,1,1,1,3,73.8588980237545
737,2,1,1,32,11.670880657232916
3446,5,2,1,6,271.38457548540816
3030,5,5,1,40,178.7351515192263
2460,3,3,2,7,205.760938890732
1548,5,3,2,36,110.26122754589625
3029,5,2,3,50,159.6980387087682
3464,1,2,2,9,197.39937321969413
1463,4,4,2,42,81.58690219224235
1036,3,2,2,14,84.9103551328275
4723,1,2,3,37,203.23681730099042
4179,4,3,1,14,264.7938996013821
4687,1,4,2,4,267.929961219856
4224,6,2,3,28,283.9076463202927
1042,1,2,3,18,38.53974064623452
1345,5,4,3,50,80.47776239834317
4103,4,5,1,9,299.7234283460717
3536,3,4,2,11,223.26756492079195
2994,3,3,3,3,190.44045377723674
4985,4,5,1,30,297.3605917856471
3219,5,1,3,17,204.01790620100513
2384,2,4,3,15,172.46632145203486
4638,1,3,3,39,200.71090802325364
4849,5,5,3,35,312.088493646448
3701,6,4,3,24,201.70983895587304
3210,4,2,1,22,185.0235510256747
2453,1,4,2,11,179.48498967503195
4350,3,1,2,33,201.60678089658794
1189,2,4,2,35,57.497173860338236
2450,6,5,2,36,151.81976374865982
956,3,5,1,2,119.21377015733236
2630,4,4,1,8,159.0628677372739
4476,1,5,1,17,230.43137334760618
4744,4,2,3,42,208.4648974579555
1679,1,4,3,34,86.33247982058595
4785,5,2,3,33,242.82260481424532
4065,2,2,2,40,158.4004890012036
1382,5,3,3,13,124.54153279429723
899,5,4,2,3,115.97710594969364
1108,4,5,3,28,99.78044538523395
2138,2,2,2,40,80.4526293886582
2648,1,3,3,44,109.9003715944352
1882,1,4,3,49,66.15500164575887
1903,6,4,1,14,175.205154899694
1319,3,1,3,27,58.370633320051134
3792,6,1,3,41,182.73792499324244
1319,6,2,1,15,99.52577995303086
919,1,1,2,11,34.165126222117976
4719,4,2,1,4,292.83522819358524
3802,5,5,1,33,204.7116791843984
2008,5,2,2,41,123.76648266711919
1267,5,1,3,0,135.59998353851014
2544,2,5,2,38,151.2278021431908
2639,1,1,3,31,114.38534109142336
3529,4,2,3,25,181.90527131056578
2049,2,3,2,16,123.20907622836363
2264,3,4,1,47,52.73095317764567
3145,4,1,2,26,167.0585071013057
4216,6,2,3,23,242.08463184309366
4981,4,5,2,34,248.7808398356948
2793,4,1,2,45,138.09293517096094
3208,5,1,3,41,172.01175481968576
1400,4,4,1,38,91.06077957524926
3584,6,2,2,25,230.84222553301893
2509,6,3,3,48,103.75221911748433
741,1,5,3,37,20.04041014386326
2885,4,2,2,22,159.45992717060227
4768,5,5,1,21,257.20525851802137
1171,4,1,2,3,99.40997810312022
663,3,4,1,48,-6.771959512340867
964,3,4,1,8,101.71997894989924
3542,5,3,1,3,300.7477520047669
2942,1,4,1,6,181.6820744679052
2855,1,1,2,22,129.28028909139334
4778,6,3,3,1,330.89579454471715
3057,6,2,3,48,162.6042576010749
1045,2,4,3,23,51.77165582708446
4335,5,3,3,39,265.6707499030788
1093,4,1,3,30,55.166815850663625
4304,5,5,3,46,220.29620333937876
1959,2,5,2,30,127.35074147327599
3993,6,1,1,46,162.8315481591029
3101,5,1,3,39,164.43501966110668
2944,5,5,2,47,181.30340111190725
3172,6,3,3,50,152.77314455193985
4700,2,5,3,42,267.05683226159744
516,6,1,1,33,45.68583052522508
3691,1,4,1,23,198.6838851932886
892,4,2,1,48,36.91730670371979
924,6,4,3,25,135.81469909272747
1071,2,4,3,15,95.78677972812761
4131,3,1,3,46,183.48810882753878
1620,1,5,1,12,139.92682986321856
741,3,3,2,14,49.81377847277127
4397,6,4,3,26,240.25995200734707
4595,1,5,3,3,287.5989215918819
2779,4,3,3,15,152.88017285161243
1288,6,4,2,29,102.12009807384096
1214,4,3,3,43,59.987470683982735
3349,5,5,2,29,203.9372246788975
1275,3,2,3,35,51.91813903792618
4526,1,5,2,2,262.26666972758153
2747,4,1,3,21,174.11287087941886
578,2,3,1,48,-39.36926734244679
4426,4,2,1,21,198.24196537889935
1355,2,3,1,49,14.6032245493356
2648,6,3,1,49,141.70039849839912
1531,1,4,3,48,39.14661583765954
3771,4,1,1,11,196.2540596983953
4076,4,3,2,20,239.83901934812673
4682,1,5,1,3,291.866074095367
3956,4,5,1,30,224.60633383037853
4006,2,4,1,43,166.0083150622283
907,4,1,3,30,58.070773632854966
3211,3,1,1,22,124.78146194359711
3588,6,5,2,19,233.52089218474836
2168,5,2,1,14,125.29583804389381
647,2,4,1,22,72.31772743976313
4827,3,4,1,27,268.59063441976775
4397,6,5,2,15,303.5525006862804
2450,1,5,1,36,76.48756693294384
865,2,2,2,20,64.13295577896238
2174,5,2,2,14,184.4308026998363
4994,6,1,1,16,302.1298947292713
3046,5,4,2,49,145.59645166992885
1062,1,4,3,36,50.7343606370123
4062,1,5,1,12,239.5583222850538
2989,2,1,1,18,164.9715246727948
1272,4,4,2,29,105.67371283585905
2537,1,1,2,44,62.42868926779349
3923,6,1,1,17,221.93717234231778
3067,4,5,3,13,214.35354118627643
2073,3,1,2,35,92.36700670009868
4194,5,2,2,35,208.91120696404388
3791,4,2,3,19,207.53940763692353
1746,5,3,3,18,140.2809325749359
4219,4,5,1,44,230.09913861337907
4339,3,3,3,43,202.65216134268132
859,1,2,1,6,56.42564007999145
2876,3,3,3,43,133.2086358589353
3509,1,5,2,3,231.13078418099738
3493,1,5,1,33,124.97725917980645
1462,5,1,1,1,148.0351828603832
4132,6,4,1,4,303.7491687989422
2327,3,1,3,9,151.67343597891494
2113,4,5,2,31,154.8971340144584
2140,3,2,1,41,100.25998728500396
2716,5,2,1,40,142.77537322947103
4812,1,1,1,12,222.59398367928935
877,5,5,1,38,46.5357777874608
4714,2,2,2,4,296.0467108000397
4785,2,5,3,9,258.705521461096
869,4,2,2,9,88.47304969675773
2696,5,5,1,37,164.59651614062165
4247,4,3,2,26,199.34184529104994
1151,4,5,1,50,47.236864777006
1269,2,5,3,20,117.53858153171903
2921,4,1,3,7,165.3384785979305
1280,2,3,3,0,156.16340413388318
2216,1,4,1,27,83.6033984780218
4483,5,1,2,48,207.6447249295406
1811,4,4,3,38,99.87807143282735
3859,2,2,1,13,209.34031247400904
1022,3,4,1,20,52.43009728651686
1021,4,5,2,29,108.25945924706119
2820,6,4,3,20,214.51766926700466
1435,1,1,1,48,31.16680353806312
2730,1,1,2,8,123.35165558841946
4540,3,4,3,16,268.3753073224261
4197,2,1,2,4,244.04058479404418
3337,4,1,2,30,166.05766294589853
4583,2,4,1,39,221.4857068934484
2961,1,3,1,37,109.1716291615225
3743,2,3,1,42,194.5905209260137
3859,1,2,2,18,193.74684644376362
1185,2,1,1,35,-35.43308871524668
2660,3,4,2,49,108.68402016678743
4488,5,1,2,32,253.62927969732362
4566,3,5,1,12,260.83387796298933
2067,3,1,3,13,110.61489621657529
538,5,1,3,32,19.092205873208204
3044,5,3,3,28,163.67046380045744
1756,4,4,2,42,76.21196572588013
3490,4,1,2,48,154.6859445269844
2696,3,3,2,35,159.3266545682539
3968,3,2,1,43,114.914993521256
3208,1,3,2,9,178.83090692845087
801,1,3,1,30,25.103959887534664
1146,4,3,1,5,120.35356726770382
2259,6,1,3,0,233.94879333245777
4851,6,1,3,6,273.33612180835866
1097,4,2,3,26,22.068721306230003
1161,1,5,1,20,114.29425048076513
4830,1,5,1,27,257.56867386494673
1868,6,5,1,15,156.9725682609418
3081,2,2,2,45,113.48197546135911
4368,2,5,1,22,244.2643524512213
4037,1,5,3,19,216.93958419328044
4808,2,3,3,37,228.23556741382865
782,5,1,1,24,61.196267493202384
4178,4,1,1,27,248.21060522725648
1986,4,3,3,4,189.56902444571082
4582,1,3,1,20,262.8864628048415
4683,3,3,3,17,242.27857032654208
960,6,1,2,46,27.056054807642845
2825,1,5,3,5,201.0949396786325
4254,2,3,2,28,172.2779849373408
2968,6,2,1,18,217.03718676218563
2224,3,3,1,32,119.04419544622523
1876,2,4,2,0,148.45682960092273
3243,5,3,1,44,149.4833131299843
1014,2,1,2,2,109.77733777647495
1202,5,3,1,41,41.19124104726068
2153,6,4,3,20,200.53370699324574
2566,5,2,1,34,126.25922526827425
522,6,5,3,40,76.21992105553832
2960,6,3,3,39,170.73528411157974
1804,6,4,2,2,232.8638769330237
3800,6,4,1,24,221.25215219784948
861,6,2,2,44,29.584347548461334
4227,2,1,1,37,140.22749044622338
1784,6,3,3,44,78.26485665941357
1014,2,4,3,19,93.96256215389033
948,6,2,1,43,74.40327277730123
2355,5,5,1,44,141.27961740720554
4062,6,4,2,33,238.9921700054627
3020,3,2,1,20,144.1277099668789
3581,6,1,1,47,176.018373432543
1928,6,1,1,22,106.42796189628325
4467,5,4,2,5,278.3709653138848
1422,4,4,1,50,41.93061333580193
3637,5,3,3,12,206.1711876622301
2659,3,2,2,48,65.32230250895503
3047,4,4,2,22,228.0698067176564
3479,1,3,3,8,175.61383151083197
2781,1,3,3,16,132.28703237908377
3149,3,4,3,1,233.8866581541333
813,5,1,1,18,70.1280776006003
3113,2,2,3,18,165.95751405242294
3583,3,2,1,6,178.08252502217772
2756,4,1,2,41,130.76978655275582
1537,4,4,2,41,67.9889320048401
3989,6,2,3,19,276.85899044349804
3134,1,4,1,8,174.80364756942308
4483,4,4,3,16,298.79988678281154
2278,3,3,3,26,156.82166898158872
4395,4,1,1,46,171.4111544849236
1624,3,4,3,1,173.80900388211293
1197,2,5,2,35,33.27910643767205
2679,6,1,3,18,186.22378974138988
1904,1,2,1,16,118.6445541670968
1543,4,3,1,4,148.5198569192825
2429,3,2,2,38,149.57447845706477
1513,5,2,1,17,124.13715984582312
726,1,1,1,6,39.99457494784998
2328,2,2,2,16,187.21772786002995
2523,3,4,3,38,159.82402034695102
2952,6,2,2,35,131.54184876403207
2585,6,3,3,39,134.5667279014337
4783,2,3,2,44,184.3868378591735
1580,2,5,3,3,160.9125920901811
2820,6,3,2,37,172.42316073633577
3690,4,2,3,24,218.76903864790998
3130,4,3,2,4,189.90181081002098
3063,3,1,3,29,135.388169067899
3792,5,3,2,11,248.61429490552715
4086,3,4,1,3,228.86158901358556
4931,5,1,3,23,256.1134446688422
3447,2,5,2,28,213.47867420331465
4459,1,4,3,8,232.8684800406083
3313,3,2,3,3,249.75520987436963
3083,3,2,2,50,131.97298185071006
661,5,2,3,23,62.23525560391039
1093,2,4,2,13,77.67254001264631
3759,2,4,1,4,253.58655244290603
4655,5,4,3,17,279.99519678208736
3462,2,1,1,41,109.34004100107754
4388,6,1,3,18,265.9226319199054
3890,4,2,3,11,200.89532808426162
1163,6,3,3,17,94.15048803196588
1632,1,2,2,16,79.28677501997035
1041,3,5,1,29,78.563920644252
3474,1,1,3,23,144.66852123842645
1367,3,4,2,10,116.39779043956638
2566,4,1,3,34,91.03081183724737
931,2,4,2,22,83.19967704540642
4778,6,5,3,16,326.3016465912196
1706,5,5,1,0,186.47091805278436
3028,6,1,1,14,206.1650123596979
1669,4,4,3,31,110.0125500698957
1330,1,5,2,8,100.82454482852002
2151,5,2,3,14,183.1430909744062
1636,2,2,2,27,76.93762295521547
3310,4,4,3,23,203.18561142653152
975,5,1,2,34,48.576906921589924
3310,4,5,1,21,207.9006986702252
1826,4,1,3,26,98.78468792149377
1519,2,2,1,18,89.87212725015816
2336,3,5,1,44,85.08279555755264
4756,5,1,3,11,271.5441792851939
2948,2,3,3,19,179.58527378857272
4793,4,4,2,0,318.7452131854441
1783,2,4,2,20,130.5778620428619
1159,3,3,1,48,29.127580012637274
2510,6,2,2,44,112.44744179847535
898,5,5,2,0,156.4019272625735
2233,3,4,3,9,194.59381915917874
2625,1,3,2,46,92.18959112242507
2671,5,3,1,31,163.86169886133595
574,3,2,2,38,5.264582987931941
3971,4,2,1,21,237.41079765761006
1336,5,1,3,17,94.18619170140714
999,5,4,1,47,49.72086051481032
637,2,1,2,45,31.24012304871865
2597,4,3,3,31,157.6276211205132
4196,1,5,2,26,209.38577538816264
2385,6,5,3,27,171.784155166172
3257,3,2,3,17,188.42316605419313
4420,2,5,2,38,232.0249156345882
2400,3,5,2,48,106.91555018334765
3110,1,5,3,28,151.52944373523206
4486,1,3,3,17,226.29406014422622
1949,5,5,2,43,114.4909866204596
1046,1,5,1,7,94.14789973477583
2503,3,5,2,30,154.24952338238043
2596,4,1,3,33,145.1497979156979
1203,4,3,2,6,176.69719404819
2903,5,2,1,35,116.909329664648
2125,6,1,2,17,163.98724254572883
3831,3,4,3,37,196.51615416776582
3478,3,3,2,8,185.00847537778824
3339,1,3,3,8,224.94061447303457
3884,3,4,3,45,189.623464531639
3159,2,4,2,7,221.94612585640314
2361,6,4,3,50,91.06162109804636
3356,1,2,3,34,136.39166145003583
1185,2,5,1,17,68.66606110211409
4783,5,3,1,4,353.4120188536122
2119,4,5,1,13,187.8410069148876
1931,5,5,1,27,123.93064433429078
1375,4,4,3,29,67.01722198100796
2961,5,2,2,3,221.93110132767512
1865,3,1,3,38,92.0984400458872
1743,2,2,3,19,65.44892789128141
662,4,5,3,24,61.4645065801366
2474,1,2,2,27,83.58830581972082
3791,2,4,1,11,241.88892331821177
769,1,1,3,1,62.05341822910975
1131,2,4,3,42,32.99126955244991
1405,2,1,1,13,80.74309361277935
3971,5,5,3,21,243.98438375341973
3753,4,1,2,30,156.7762652654487
2514,4,1,3,22,172.0937032472057
2141,2,1,3,47,85.2997141695919
704,3,2,1,19,51.79164918926357
1081,3,2,3,37,46.09311011335241
1340,1,5,3,3,151.22027953160017
2219,1,1,2,14,114.08307113207479
3143,5,3,1,23,181.7684418811271
2797,2,5,1,24,157.63678253554926
1374,1,1,2,0,124.56337274334945
1189,1,1,3,6,81.51643336857612
4500,6,2,1,30,232.61234930692893
3641,2,5,1,11,227.99004098570197
1922,5,1,3,41,100.2244627507153
1171,1,1,3,4,94.27506989811398
1671,5,5,1,43,103.6064789614322
4226,4,3,3,49,175.7664464173314
1443,5,5,1,41,100.55207133116915
1949,3,5,3,37,109.01931878424577
4237,3,3,3,11,244.61417665061091
3039,5,5,2,38,191.1930342730407
4459,3,1,3,17,232.87722302166478
4760,4,5,2,1,294.51405302888895
2861,2,3,3,9,164.03795237779357
4152,3,4,1,14,242.96726133905835
4170,3,5,1,29,237.0660456422256
2253,5,2,3,43,90.36860095823818
2852,4,1,3,16,168.7867507912493
2438,2,1,1,3,124.56785536673884
870,5,2,3,6,132.14065832479622
4979,5,2,2,40,279.2966222791111
2431,6,5,2,30,203.73565048976644
924,4,2,2,50,31.49959100972276
1394,2,4,2,38,72.95019914240522
1097,4,3,2,33,21.41240951193594
3562,2,2,3,5,222.64346464440212
2836,4,2,3,49,104.87814752680185
2187,5,4,2,37,144.95932722089805
1072,5,1,3,44,-12.151957513626577
2590,1,1,3,50,66.35935405540357
4169,3,5,2,33,218.161124323352
4772,6,4,3,43,281.9685986586281
2133,4,3,3,14,188.60974107349477
2017,6,3,3,13,155.27307965974467
4793,1,4,2,5,263.97579128206365
3157,3,3,3,49,133.4599324242343
4148,4,1,1,36,223.07525383043082
4088,2,3,1,49,156.60289354566032
2037,3,3,2,31,78.26677169291341
3637,5,4,1,2,252.73263107673415
597,1,4,2,2,81.90328328926923
3715,3,3,1,21,207.55404857127914
4250,3,2,1,21,207.41824728815254
3657,5,4,1,9,239.33418612440758
843,4,5,2,50,12.518640108872038
1110,2,5,2,2,144.3234236770759
2227,5,1,3,11,145.65449641413224
2790,2,3,2,28,128.20411592163433
2354,4,2,1,47,74.83494166952094
3108,3,1,1,16,134.28085504969218
2579,2,3,2,6,153.6816939036437
2824,1,4,2,12,193.76275198573077
1677,1,5,2,1,117.66424316418546
1591,5,2,3,3,135.27715396347267
3291,4,5,1,9,204.89908452441483
2249,5,4,3,38,131.63776879537477
3175,5,3,3,23,239.4595344253258
1281,6,4,1,16,126.39611556945857
3548,5,4,1,5,255.73524250708778
2605,6,5,2,18,188.34105528266022
4367,1,2,2,4,245.11763910415456
2613,1,4,3,31,150.2310061269523
4470,5,5,2,9,308.35818775276346
2491,1,2,2,8,187.1854016412433
1567,4,3,1,26,120.53959424611384
2077,6,3,1,12,167.12367309110135
1511,6,1,2,18,115.43424248815771
2774,5,5,1,20,226.31846275247264
2314,1,2,2,23,108.44651151710457
2926,2,4,1,37,157.47843120543448
4902,6,3,1,3,368.15814680253334
3051,5,2,1,23,173.46561264351783
4157,5,5,1,34,241.88910731870033
507,4,1,2,2,98.95008369132758
3055,3,3,3,3,231.1000007804504
975,3,2,1,36,42.959814658410025
2711,6,2,2,39,116.88052345644532
984,4,2,2,47,4.231665436764018
2785,4,5,1,34,146.34465958117624
4025,4,5,3,30,260.5384160693735
3839,6,5,1,43,186.24250185746232
3322,3,4,2,24,220.5645341435768
3424,4,2,3,39,179.79668228157368
758,1,3,2,12,80.98460449445548
782,5,5,1,3,109.50933845510002
2398,5,5,3,45,136.34604725380262
4635,2,2,2,13,257.72885572262635
3476,2,5,2,12,224.8993400404539
2767,6,4,2,26,194.26314801693434
3700,6,4,1,5,266.4694703920978
1112,5,5,3,16,131.30414162127317
1187,1,2,1,35,41.02127910130373
4190,3,2,1,39,159.1697538311822
1112,3,2,1,48,41.54100237810806
2807,6,1,3,34,174.98797912736893
3513,1,5,1,16,179.34596214633333
2281,6,2,1,40,122.72672086910644
3091,3,4,1,1,237.5799755231609
3196,6,3,1,12,200.09413352228634
4458,4,3,2,1,295.739568667532
1074,6,2,1,27,79.12969398329986
2410,5,3,2,42,107.58838914986211
4104,6,3,1,25,246.0471367352803
1169,5,1,3,21,77.44426848074419
4864,1,4,2,46,230.68614137941478
1783,3,4,2,42,64.6171135734518
1423,2,1,2,2,120.98957880026317
1625,2,1,2,34,18.142272247596708
2029,3,3,3,11,145.21380392300077
2094,2,5,1,23,123.94622314702717
746,6,3,2,4,119.4141789876894
4211,1,1,3,19,197.6236340560922
2060,1,4,2,38,65.64969949309756
2900,3,3,1,38,143.09081560029807
2743,2,5,2,12,203.1391571019076
4364,6,3,3,40,235.55678228286703
2439,1,2,1,44,43.01724983956719
3569,1,3,3,11,241.32898662773658
726,4,1,1,12,47.7040513418424
4047,4,4,1,9,232.16155483033708
764,1,4,1,32,-19.052438330395397
1895,3,1,2,39,66.7390379382532
4057,5,2,3,15,249.5016722896953
1145,5,1,3,44,62.869132982926786
3490,6,3,3,34,217.72169126891094
2399,1,1,1,2,144.75402449170073
3004,1,1,2,4,164.77265609074502
3272,1,2,1,25,166.79954544395335
1654,3,3,3,10,169.04779803505065
1087,4,5,2,6,152.52958398259807
2321,1,5,2,9,148.77936738301582
1485,1,4,2,41,59.8813110776435
4579,2,1,3,33,197.90820549065575
3848,3,4,2,2,238.29865368280048
4331,6,2,2,7,270.5692187575611
1741,1,5,1,30,74.8864319172451
689,2,1,1,10,49.52919357927088
1480,5,2,2,44,103.21162305150918
2198,6,2,2,6,166.26621048776266
2215,1,1,1,44,72.21976979382657
3093,1,2,1,1,177.3048089661486
4636,2,1,1,5,214.47230025109315
4933,3,1,3,40,209.53547994139322
1598,1,3,3,31,90.43393986335383
2826,5,4,1,19,197.19339038658472
3747,1,2,2,33,165.43902397327915
1395,5,2,1,49,69.3200801768876
2174,6,3,3,15,156.97327422128544
3409,6,3,2,24,195.41499139815505
1430,4,3,3,11,83.22542781407152
4884,4,5,2,6,339.74164142485574
1223,5,5,3,38,101.39968467259207
3440,3,5,2,16,234.4793303918223
1589,1,1,2,44,-4.210224481135608
1435,1,2,2,10,55.66502088160294
2795,4,4,2,5,185.35763383133335
655,5,1,3,22,43.29855455282591
1570,1,2,3,26,98.57917817825708
2458,1,2,2,45,88.90253447565004
3001,3,3,2,5,194.88558718759361
4719,2,3,3,37,226.93503986519974
4330,4,1,2,1,258.9327550770452
1354,4,3,2,21,106.98559521563313
1139,2,2,2,19,42.18808524516004
2738,1,3,1,24,142.90502891947864
2102,3,5,2,14,140.10593404831218
941,3,3,1,48,26.16830057086315
1836,4,2,2,28,93.25154183611318
4200,3,1,3,7,233.1984809280345
1448,6,4,1,36,129.65993434499313
3873,2,3,1,48,150.1889236978753
959,1,2,2,32,13.506372579028856
892,6,4,2,21,119.76356616702527
4438,2,4,1,49,154.1001786085023
2287,5,5,3,46,149.48727178520718
2757,4,4,3,4,214.06110587183102
1638,3,2,2,38,73.91575431336875
4308,5,2,3,17,231.44253077953826
2954,3,3,3,37,135.0514808373401
1966,6,3,2,36,120.39160278690969
4174,1,3,3,29,220.3059842723706
1877,1,4,2,50,59.458221278749676
3097,1,4,1,30,134.0004592476517
641,3,5,2,9,100.40895514646763
3159,5,3,1,14,234.08138203453964
1339,1,1,1,41,3.9502303315488
4118,5,5,3,47,210.72270079129382
4417,3,1,3,43,150.05590714494178
1095,6,4,3,17,122.1685532931438
2404,5,5,2,22,141.40745922630956
780,6,5,3,32,87.71330641933585
923,3,2,1,15,86.91270286485495
4865,3,4,3,37,203.85721049906368
4749,4,4,3,34,281.13417649241586
2250,3,5,2,33,119.89553746687604
2467,3,4,2,27,140.8067026574679
4588,2,5,1,1,282.35160439722915
4678,1,2,2,29,177.6352623490268
3446,4,5,3,12,227.6402165140752
1949,4,4,2,40,141.39820136898967
